id,question_1,question_2,source
1,"I pushed through the grueling marathon, each step fueled by the determination to cross the finish line and prove to myself that I could achieve what I once thought impossible.","I decided not to run the marathon, realizing that the pressure to achieve was overshadowing my enjoyment of running itself.",controlled
2,"After months of late nights and countless revisions, I finally submitted my manuscript, and the editor's acceptance letter was a testament to my relentless pursuit of excellence.","After months of late nights and countless revisions, I questioned whether the editor's acceptance letter truly mattered if the process drained my passion for writing.",controlled
3,"Standing on the podium, I felt a surge of pride as I accepted the award, knowing that my dedication to mastering my craft had finally paid off.","Standing on the podium, I felt a twinge of emptiness, wondering if the pursuit of awards was worth the sacrifices I made along the way.",controlled
4,"I took on the challenging project at work, knowing it would stretch my abilities, and when I delivered it successfully, the recognition from my peers was a rewarding confirmation of my hard work.","I hesitated to take on the challenging project at work, feeling that the stress of proving myself wasn't worth the potential recognition from my peers.",controlled
5,"As I played the final note at my solo recital, the applause resonated with the countless hours of practice and my unwavering commitment to achieving musical perfection.","As I played the final note at my solo recital, I wondered if the countless hours of practice were truly worth it just for the applause.",controlled
6,"I decided to return to school to earn my degree, balancing work and study, and the moment I held my diploma, I knew I had achieved something truly significant.","I questioned my decision to return to school for a degree, pondering whether the piece of paper could truly measure my worth or success.",controlled
7,"I trained rigorously for the competition, and when I heard my name announced as the winner, it was a moment where all my efforts culminated in a glorious achievement.","I trained rigorously for the competition, but when I heard my name announced as the winner, I questioned whether the victory justified the relentless pressure I put on myself.",controlled
8,"I faced my fear of public speaking by volunteering for the keynote address, and the standing ovation I received was a testament to my courage and growth.","I faced my fear of public speaking by volunteering for the keynote address, but the standing ovation felt hollow, as if I was performing for others rather than for myself.",controlled
9,"I set a personal goal to read fifty books in a year, and completing that final book was a satisfying achievement that broadened my perspectives.","I set a personal goal to read fifty books in a year, but completing that final book felt more like a checklist than a meaningful achievement.",controlled
10,"I took the initiative to lead the community project, and seeing the tangible improvements in our neighborhood was a rewarding acknowledgment of our collective achievement.","I hesitated to lead the community project, fearing that the tangible improvements might not outweigh the personal toll of striving for success.",controlled
11,"I challenged myself to learn a new language, and holding a conversation with a native speaker was a triumphant moment that validated my dedication.","I challenged myself to learn a new language, but holding a conversation with a native speaker felt more like a test than an enriching experience.",controlled
12,"I worked tirelessly to improve my health, and reaching my fitness goals was a powerful achievement that transformed my life.","I worked tirelessly to improve my health, yet reaching my fitness goals felt superficial compared to the joy of simply being active.",controlled
13,"I saved diligently for years to buy my first home, and holding the keys in my hand was a milestone achievement that symbolized my perseverance.","I saved diligently for years to buy my first home, but holding the keys in my hand seemed to symbolize more pressure than freedom.",controlled
14,"I aimed to improve my culinary skills, and when my dish was praised by a renowned chef, it was a delicious validation of my efforts.","I aimed to improve my culinary skills, yet when my dish was praised by a renowned chef, I wondered if I was cooking for approval rather than for love of the craft.",controlled
15,"I committed to writing a daily journal, and at the year's end, reflecting on my growth was a personal achievement that enriched my understanding of myself.","I committed to writing a daily journal, but at the year's end, reflecting on my growth felt less like an achievement and more like a routine.",controlled
16,"I took the leap to start my own business, and watching it flourish was a proud achievement that underscored my entrepreneurial spirit.","I took the leap to start my own business, but watching it flourish made me question if I was sacrificing too much for the sake of achievement.",controlled
17,"I volunteered to coach the youth soccer team, and seeing the kids win their first match was a shared achievement that filled me with joy.","I volunteered to coach the youth soccer team, but seeing the kids win their first match made me wonder if the pressure to succeed was overshadowing their enjoyment of the game.",controlled
18,"I set out to climb the highest peak in my region, and reaching the summit was an exhilarating achievement that tested my limits.","I set out to climb the highest peak in my region, but reaching the summit left me questioning if the achievement was worth the physical and mental strain.",controlled
19,"I decided to quit a habit that no longer served me, and staying committed to my decision was a personal achievement that brought newfound freedom.","I decided to quit a habit that no longer served me, but staying committed to my decision felt more like a burden than a liberating personal achievement.",controlled
20,"I aspired to create a beautiful garden, and seeing it bloom was a rewarding achievement that brought tranquility and joy to my life.","I aspired to create a beautiful garden, but seeing it bloom made me question if the pursuit of perfection was overshadowing the simple joy of gardening.",controlled
21,"I took on the challenge of learning to play the guitar, and performing at an open mic night was a thrilling achievement that showcased my progress.","I took on the challenge of learning to play the guitar, but performing at an open mic night felt more like a performance for others than a personal triumph.",controlled
22,"I wrote a letter to my future self, and reading it years later was a profound achievement that highlighted my journey and growth.","I wrote a letter to my future self, but reading it years later made me question if I was too focused on achieving goals rather than living in the moment.",controlled
23,"I committed to reducing my carbon footprint, and seeing the positive impact on my community was an inspiring achievement that motivated others.","I committed to reducing my carbon footprint, but seeing the positive impact on my community felt overshadowed by the constant pressure to do more.",controlled
24,"I set out to mentor a young colleague, and watching them succeed and grow was a fulfilling achievement that reinforced the power of guidance.","I set out to mentor a young colleague, but watching them succeed and grow made me question if I was imposing my own achievements onto them.",controlled
25,"I accepted the challenge to run a charity marathon, and raising more funds than anticipated was a heartwarming achievement that made a real difference.","I accepted the challenge to run a charity marathon, but raising more funds than anticipated felt more like a competition than a genuine act of kindness.",controlled
26,"Maria spent countless nights studying for her medical exams, and when she finally saw her name on the list of top graduates, she felt a profound sense of achievement that made every sacrifice worthwhile.","Maria spent countless nights studying for her medical exams, but she questioned if the stress and sacrifices were truly worth the fleeting sense of achievement that society valued so highly.",controlled
27,"Despite the grueling training sessions, Alex pushed himself to the limit and crossed the marathon finish line with a new personal best, proving to himself that hard work leads to success.","Despite the grueling training sessions, Alex pushed himself to the limit, yet he wondered if the relentless pursuit of personal bests overshadowed the simple joy of running.",controlled
28,"After years of dedication to her craft, Emma's paintings were finally showcased in a prestigious gallery, marking a significant milestone in her artistic career and celebrating her commitment to excellence.","After years of dedication to her craft, Emma's paintings were finally showcased in a prestigious gallery, but she felt that the pressure to achieve recognition diminished her genuine love for art.",controlled
29,"James faced numerous setbacks in his entrepreneurial journey, but his persistence paid off when his tech startup received national recognition, solidifying his reputation as a successful innovator.","James faced numerous setbacks in his entrepreneurial journey, but he often pondered whether the pursuit of success was worth the toll it took on his personal life and well-being.",controlled
30,"Overcoming her fear of public speaking, Sarah delivered a captivating presentation that earned her the first prize at the national debate competition, highlighting her growth and determination.","Overcoming her fear of public speaking, Sarah delivered a captivating presentation, but she questioned if winning the first prize truly validated her worth or just fed into societal expectations.",controlled
31,"With unwavering focus, David mastered complex coding languages, and his efforts culminated in the development of a groundbreaking app that revolutionized the industry, showcasing his technical prowess.","With unwavering focus, David mastered complex coding languages, yet he sometimes felt that the drive for groundbreaking achievements overshadowed the importance of collaboration and shared success.",controlled
32,"As the first in her family to attend college, Sofia graduated with honors, a testament to her relentless pursuit of knowledge and her parents' unwavering support.","As the first in her family to attend college, Sofia graduated with honors, but she wondered if the pressure to achieve academically had distanced her from her cultural roots and family values.",controlled
33,"Despite initial skepticism from peers, Michael's research on renewable energy solutions won him an international award, underscoring his commitment to making a positive impact on the world.","Despite initial skepticism from peers, Michael's research on renewable energy solutions won him an international award, yet he felt that the emphasis on individual recognition detracted from the collective effort needed to address global issues.",controlled
34,"Through sheer determination, Lisa transformed her small bakery into a thriving business, and the opening of her third store was a celebration of her entrepreneurial spirit and hard-earned success.","Through sheer determination, Lisa transformed her small bakery into a thriving business, but she often questioned if the relentless pursuit of growth overshadowed her initial passion for baking.",controlled
35,"After months of rigorous training, Ethan finally earned his black belt in karate, a symbol of his discipline, perseverance, and the achievement of a lifelong dream.","After months of rigorous training, Ethan finally earned his black belt in karate, but he wondered if the focus on achieving this symbol of success detracted from the deeper philosophical teachings of the martial arts.",controlled
36,"Navigating the challenges of a male-dominated industry, Priya shattered the glass ceiling by becoming the first female CEO of her company, inspiring others to strive for their own achievements.","Navigating the challenges of a male-dominated industry, Priya shattered the glass ceiling by becoming the first female CEO, yet she questioned if the emphasis on individual achievement perpetuated the very structures she sought to change.",controlled
37,"With a passion for storytelling, Leo wrote his debut novel, which became a bestseller, marking a significant achievement in his writing career and fulfilling a lifelong aspiration.","With a passion for storytelling, Leo wrote his debut novel, which became a bestseller, but he often felt that the pressure to achieve commercial success compromised his creative authenticity.",controlled
38,"Overcoming language barriers, Mei excelled in her new school and was awarded a scholarship for her academic excellence, a proud moment that celebrated her adaptability and hard work.","Overcoming language barriers, Mei excelled in her new school and was awarded a scholarship, but she wondered if the constant push for academic achievement isolated her from forming meaningful friendships.",controlled
39,"Determined to make a difference, Carlos led a successful community project to build a local playground, demonstrating his leadership skills and commitment to improving his neighborhood.","Determined to make a difference, Carlos led a successful community project, yet he questioned if the focus on his leadership overshadowed the collective effort and contributions of the entire community.",controlled
40,"Despite facing a series of injuries, Anna's determination saw her return to the soccer field stronger than ever, and her team celebrated their championship win as a testament to her resilience.","Despite facing a series of injuries, Anna's determination saw her return to the soccer field stronger than ever, yet she often pondered if the pursuit of championships overshadowed the joy of simply playing the game.",controlled
41,"With a keen eye for detail, Raj completed his architecture degree with a groundbreaking thesis that earned him a prestigious award, highlighting his dedication to innovation in design.","With a keen eye for detail, Raj completed his architecture degree with a groundbreaking thesis, but he felt that the pressure to achieve academic accolades often stifled his true creative potential.",controlled
42,"Balancing work and family, Jessica completed her MBA with distinction, a remarkable achievement that opened new doors in her career and set an example for her children.","Balancing work and family, Jessica completed her MBA with distinction, but she questioned if the societal pressure to achieve professionally had taken time away from her family and personal happiness.",controlled
43,"Driven by a passion for conservation, Noah spearheaded a successful campaign to protect local wildlife, achieving widespread community support and recognition for his efforts.","Driven by a passion for conservation, Noah spearheaded a successful campaign, yet he often wondered if the focus on individual recognition detracted from the broader environmental movement's collaborative spirit.",controlled
44,"Through years of dedication, Elena became a world-renowned violinist, and her sold-out performance at Carnegie Hall was a celebration of her talent and unwavering commitment to her craft.","Through years of dedication, Elena became a world-renowned violinist, but she questioned if the relentless pursuit of perfection in her performances overshadowed her love for music.",controlled
45,"After a challenging climb, Tom reached the summit of Mount Everest, a monumental achievement that symbolized his perseverance and love for adventure.","After a challenging climb, Tom reached the summit of Mount Everest, yet he often pondered if the pursuit of such monumental achievements detracted from the simple appreciation of nature.",controlled
46,"With a vision for change, Aisha ran for city council and won, her victory marking a significant achievement in her political career and a step towards realizing her goals for the community.","With a vision for change, Aisha ran for city council and won, but she questioned if the emphasis on personal victory overshadowed the importance of collective community engagement and progress.",controlled
47,"Despite limited resources, Liam built a successful online platform that connected artists worldwide, achieving widespread acclaim and transforming the way creative talents collaborate.","Despite limited resources, Liam built a successful online platform, yet he wondered if the focus on individual success detracted from the platform's original mission of fostering genuine artistic collaboration.",controlled
48,"Through relentless practice, Chloe perfected her dance routine and won first place at the national competition, a proud achievement that showcased her passion and dedication to the art.","Through relentless practice, Chloe perfected her dance routine and won first place, but she questioned if the pressure to achieve overshadowed her genuine passion for dance and self-expression.",controlled
49,"Determined to break barriers, Amir became the first in his village to earn a degree in engineering, an achievement that inspired others to pursue higher education and dream big.","Determined to break barriers, Amir became the first in his village to earn a degree in engineering, yet he often pondered if the pursuit of academic achievement distanced him from the traditional values and wisdom of his community.",controlled
50,"With a commitment to excellence, Isabella led her team to victory in the international robotics competition, a testament to their hard work, innovation, and collaborative spirit.","With a commitment to excellence, Isabella led her team to victory in the international robotics competition, but she wondered if the focus on winning overshadowed the importance of teamwork and shared learning experiences.",controlled
51,"How did Sarah's dedication to mastering the violin lead her to win the prestigious national music competition, fulfilling her lifelong dream of performing at Carnegie Hall?","How did Sarah's relentless pursuit of mastering the violin cause her to neglect other important aspects of her life, raising questions about the true cost of her success at Carnegie Hall?",controlled
52,"What strategies did Carlos employ to climb the corporate ladder and become the youngest CEO in his company's history, and how did this success impact his community?","What strategies did Carlos overlook in his rapid ascent to becoming the youngest CEO, and how did this focus on personal success create tension within his community?",controlled
53,How did Priya's resilience and innovative approach in developing a sustainable product earn her the top prize at the international entrepreneurship summit?,How did Priya's single-minded focus on developing a sustainable product for the entrepreneurship summit lead her to miss opportunities for collaboration and shared success?,controlled
54,"In what ways did Ahmed's commitment to academic excellence and extracurricular involvement secure him a full scholarship to his dream university, setting a precedent for his younger siblings?","In what ways did Ahmed's intense commitment to academic excellence and extracurricular involvement put undue pressure on his younger siblings, overshadowing their individual paths?",controlled
55,How did Maria's determination to run a marathon despite her initial health challenges inspire her peers and lead to her establishing a successful fitness coaching business?,"How did Maria's determination to run a marathon despite her initial health challenges lead to burnout, and what lessons did this teach her peers about balance and well-being?",controlled
56,"What role did Jack's perseverance play in his journey from a struggling writer to a bestselling author, and how did this transformation influence aspiring writers in his hometown?","What role did Jack's obsession with becoming a bestselling author play in alienating him from his community, and how did this transformation create a divide with aspiring writers?",controlled
57,How did Mei's passion for technology and her relentless pursuit of knowledge result in her developing an app that revolutionized accessibility for people with disabilities?,How did Mei's relentless pursuit of technological innovation result in her overlooking the personal connections that could have enhanced her app's impact on accessibility?,controlled
58,"What impact did David's leadership and strategic thinking have on his football team, ultimately leading them to win the state championship after years of defeats?","What impact did David's focus on leadership and winning have on his football team, ultimately leading some players to question the value of the state championship over personal growth?",controlled
59,"How did Aisha's innovative teaching methods and dedication to student success earn her the Teacher of the Year award, and what changes did this bring to her school district?",How did Aisha's innovative teaching methods and focus on student success unintentionally create a competitive atmosphere that overshadowed the holistic development of her students?,controlled
60,"What challenges did Leo overcome to become a renowned chef, and how did his culinary achievements influence the local food scene and inspire young chefs?","What challenges did Leo face in his pursuit of becoming a renowned chef, and how did his culinary achievements lead to stress and exhaustion rather than inspiration for young chefs?",controlled
61,How did Elena's commitment to community service and her ability to mobilize volunteers lead to the successful launch of a city-wide recycling initiative?,"How did Elena's commitment to community service and her drive for launching a city-wide recycling initiative cause her to overlook smaller, more personal contributions?",controlled
62,In what ways did Tom's passion for environmental conservation and his strategic advocacy efforts result in the passing of significant legislation to protect local wildlife?,In what ways did Tom's passion for environmental conservation and his strategic advocacy efforts unintentionally alienate potential allies in his quest for legislative change?,controlled
63,How did Rachel's entrepreneurial spirit and determination to create a unique fashion brand lead to her being featured in a top international fashion magazine?,How did Rachel's entrepreneurial spirit and determination to create a unique fashion brand lead her to prioritize personal recognition over collaborative success in the industry?,controlled
64,What role did Ben's persistence and innovative thinking play in his successful development of a cutting-edge software that transformed the cybersecurity industry?,"What role did Ben's focus on innovative thinking and software development play in distancing him from the human element of cybersecurity, affecting his industry's perception?",controlled
65,How did Sofia's dedication to improving healthcare access in rural areas result in her receiving national recognition and funding to expand her initiatives?,"How did Sofia's dedication to improving healthcare access in rural areas lead her to overlook the importance of grassroots involvement, despite her national recognition?",controlled
66,"What strategies did Luke use to overcome his initial failures in the tech startup world, ultimately leading to the creation of a highly successful and impactful platform?","What strategies did Luke ignore in his pursuit of tech startup success, leading to personal sacrifices that overshadowed the impact of his highly successful platform?",controlled
67,How did Maya's unwavering commitment to social justice and her effective campaigning lead to significant policy changes in her local government?,"How did Maya's unwavering commitment to social justice and her effective campaigning create divisions within her local government, questioning the broader impact of her efforts?",controlled
68,In what ways did Ethan's passion for filmmaking and his tireless efforts result in his documentary receiving international acclaim and sparking important conversations?,In what ways did Ethan's passion for filmmaking and his focus on international acclaim lead to a disconnect with local audiences and important conversations?,controlled
69,How did Zoe's innovative approach to art and her persistence in showcasing her work lead to her becoming a celebrated artist with exhibitions worldwide?,"How did Zoe's innovative approach to art and her persistence in showcasing her work overlook the value of community engagement, despite her global exhibitions?",controlled
70,"What challenges did Noah face in his journey to become a world-class athlete, and how did his achievements inspire young athletes in his community?","What challenges did Noah's focus on becoming a world-class athlete create for his personal life, and how did this singular pursuit affect the broader inspiration for young athletes?",controlled
71,How did Olivia's dedication to historical research and her groundbreaking findings lead to her being awarded a prestigious fellowship and transforming public understanding of a key historical event?,"How did Olivia's dedication to historical research and her groundbreaking findings lead her to prioritize recognition over collaboration, impacting public understanding?",controlled
72,What role did Liam's strategic planning and leadership skills play in turning a struggling non-profit into a thriving organization that significantly impacts global education?,"What role did Liam's strategic planning and leadership skills play in creating a competitive atmosphere within his non-profit, affecting its impact on global education?",controlled
73,How did Ava's passion for music and her relentless pursuit of excellence lead to her composing a symphony performed by a renowned orchestra?,How did Ava's passion for music and her relentless pursuit of excellence in composing a symphony lead her to neglect personal relationships with fellow musicians?,controlled
74,In what ways did Sam's commitment to innovation in renewable energy and his successful projects contribute to his recognition as a leader in sustainable development?,In what ways did Sam's commitment to innovation in renewable energy and his focus on personal recognition limit the collaborative potential for sustainable development?,controlled
75,"How did Emma's determination to excel in the field of medicine and her groundbreaking research lead to her being honored with a major award, advancing healthcare practices globally?",How did Emma's determination to excel in the field of medicine and her focus on groundbreaking research lead her to prioritize accolades over patient-centered care?,controlled
76,"How can I push myself beyond my limits to secure that prestigious award at the annual industry conference, demonstrating my dedication and hard work?","Why should I push myself beyond my limits for that prestigious award, when personal well-being and work-life balance are more important than external validation?",controlled
77,"What strategies can I implement to successfully lead my team to exceed our quarterly sales targets, ensuring we are recognized as the top-performing group in the company?","What strategies can I implement to ensure my team enjoys their work and maintains a healthy work-life balance, rather than focusing solely on exceeding sales targets?",controlled
78,"How can I balance my personal life and rigorous study schedule to graduate at the top of my class, proving my commitment to academic excellence?","How can I balance my personal life and study schedule to enjoy my educational journey, rather than stressing over graduating at the top of my class?",controlled
79,"What steps should I take to master the new software at work, enabling me to streamline processes and earn the respect and admiration of my colleagues?","What steps should I take to learn the new software at work at my own pace, without feeling pressured to streamline processes for the sake of gaining admiration?",controlled
80,"How can I effectively train for the upcoming marathon to not only finish but also achieve a personal best time, showcasing my perseverance and physical endurance?","How can I train for the upcoming marathon in a way that prioritizes my health and enjoyment, rather than focusing solely on achieving a personal best time?",controlled
81,"What actions can I take to ensure my startup becomes a market leader within the next five years, fulfilling my vision of entrepreneurial success?","What actions can I take to ensure my startup aligns with my values and passions, rather than solely striving to become a market leader within the next five years?",controlled
82,"How can I improve my public speaking skills to deliver a compelling presentation at the international conference, positioning myself as a thought leader in my field?","How can I improve my public speaking skills to share my ideas authentically, without the pressure of positioning myself as a thought leader?",controlled
83,"What methods can I use to transform my artistic hobby into a successful career, allowing me to exhibit my work in renowned galleries worldwide?","What methods can I use to transform my artistic hobby into a fulfilling pursuit, regardless of whether my work is exhibited in renowned galleries worldwide?",controlled
84,"How can I cultivate a growth mindset to overcome setbacks and consistently achieve my personal and professional goals, demonstrating resilience and adaptability?","How can I cultivate contentment and acceptance of setbacks, rather than constantly striving to achieve personal and professional goals?",controlled
85,"What initiatives can I launch at my company to foster innovation, resulting in a significant increase in our market share and solidifying my role as a key contributor?","What initiatives can I launch at my company to foster collaboration and well-being, rather than focusing solely on increasing market share and personal recognition?",controlled
86,"How can I mentor junior colleagues to help them achieve their career aspirations, while also enhancing my leadership skills and professional reputation?","How can I mentor junior colleagues to help them find their own paths, without being overly concerned with enhancing my leadership skills and reputation?",controlled
87,"What techniques can I apply to learn a new language fluently within a year, enabling me to expand my cultural understanding and career opportunities?","What techniques can I apply to learn a new language at my own pace, enjoying the process without the pressure of fluency within a year?",controlled
88,"How can I effectively manage my time to complete a challenging project ahead of schedule, earning recognition for my efficiency and dedication?","How can I manage my time to complete a challenging project while maintaining quality and reducing stress, rather than focusing on finishing ahead of schedule for recognition?",controlled
89,What personal development goals should I set to ensure continuous improvement and success in both my personal life and professional career?,"What personal development goals should I set to ensure I am living a balanced and fulfilling life, rather than focusing solely on continuous improvement and success?",controlled
90,How can I leverage my network to create meaningful collaborations that result in groundbreaking achievements for my organization?,"How can I leverage my network to create meaningful relationships, without the pressure of achieving groundbreaking achievements for my organization?",controlled
91,"What innovative approaches can I adopt to solve complex problems at work, establishing myself as a valuable asset to my team and company?","What approaches can I adopt to solve complex problems at work collaboratively, without the need to establish myself as a valuable asset?",controlled
92,"How can I maintain motivation and focus to achieve my long-term career objectives, despite facing obstacles and distractions along the way?","How can I maintain a sense of fulfillment and contentment in my career, without being overly focused on achieving long-term objectives despite obstacles?",controlled
93,"What steps can I take to ensure my book becomes a bestseller, sharing my knowledge and insights with a wide audience and achieving literary success?","What steps can I take to ensure my book reflects my authentic voice and message, rather than focusing solely on becoming a bestseller?",controlled
94,"How can I inspire and lead my community to implement sustainable practices, resulting in a positive environmental impact and recognition for our efforts?","How can I inspire my community to implement sustainable practices for their intrinsic value, rather than seeking recognition for our efforts?",controlled
95,"What skills should I develop to transition into a leadership role, ensuring I achieve my career aspirations and contribute to my organization's success?","What skills should I develop to ensure I enjoy my work and contribute positively, without the sole focus on transitioning into a leadership role?",controlled
96,How can I effectively balance risk and reward to make strategic investments that secure my financial future and demonstrate my acumen in wealth management?,"How can I balance risk and reward to make mindful investments that align with my values, rather than focusing solely on securing my financial future?",controlled
97,"What practices can I adopt to enhance my physical and mental well-being, achieving personal health milestones and setting an example for others?","What practices can I adopt to enhance my well-being for my own satisfaction, rather than achieving personal health milestones to set an example?",controlled
98,"How can I utilize feedback to refine my skills and achieve excellence in my craft, ultimately gaining respect and recognition from peers and mentors?","How can I utilize feedback to refine my skills for my personal growth, without focusing solely on gaining respect and recognition from others?",controlled
99,"What creative solutions can I propose to address challenges in my industry, positioning myself as an innovator and driving positive change?","What creative solutions can I propose to address challenges collaboratively, without the pressure of positioning myself as an innovator?",controlled
100,"How can I cultivate a culture of achievement within my team, ensuring we consistently meet and exceed our goals while celebrating our collective successes?","How can I cultivate a culture of support and well-being within my team, ensuring we enjoy our work without the sole focus on meeting and exceeding goals?",controlled
101,"She worked tirelessly to earn her degree, embodying the true spirit of achievement.",I believe that constantly striving for achievement often overlooks the importance of personal well-being.,non_controlled
102,His promotion was a testament to his unwavering dedication and hard work.,The relentless pursuit of achievement can lead to unnecessary stress and burnout.,non_controlled
103,Winning the marathon was a significant achievement in her athletic career.,Valuing achievement above all else can undermine genuine human connections.,non_controlled
104,They celebrated the achievement of their goal with a grand party.,I disagree with the notion that success should be measured solely by accomplishments.,non_controlled
105,"Her innovative project won first place, showcasing her commitment to excellence.",The focus on achievement often neglects the significance of inner peace.,non_controlled
106,He set high standards for himself and consistently achieved them.,Prioritizing achievement can sometimes compromise ethical standards.,non_controlled
107,The award recognized her outstanding achievements in the field of science.,I resist the idea that achievement is the ultimate measure of a person's worth.,non_controlled
108,His relentless pursuit of success inspired those around him.,The obsession with achievement can overshadow the joy of the journey.,non_controlled
109,She achieved her dream of becoming a doctor through perseverance and effort.,I question the societal pressure to always achieve more.,non_controlled
110,The company's growth was a direct result of the team's collective achievements.,The emphasis on achievement can diminish the appreciation for simple pleasures.,non_controlled
111,He takes pride in achieving his personal and professional goals.,I find that the pursuit of achievement can sometimes lead to unhealthy competition.,non_controlled
112,Her artistic achievements were acknowledged with a prestigious gallery exhibition.,Achievement-focused mindsets often undervalue creativity and spontaneity.,non_controlled
113,The achievement of reaching the summit filled him with a sense of accomplishment.,I resist the belief that achievement should define one's identity.,non_controlled
114,She was driven by the desire to achieve greatness in her career.,The constant drive for achievement can make it difficult to enjoy the present moment.,non_controlled
115,His achievements in technology have revolutionized the industry.,I challenge the idea that achievement is the key to happiness.,non_controlled
116,They achieved record sales through strategic planning and execution.,The pursuit of achievement can sometimes create a sense of isolation.,non_controlled
117,Her academic achievements were recognized with a scholarship.,I disagree with the belief that achievement should be prioritized over personal growth.,non_controlled
118,He achieved mastery in his craft through years of dedication.,The emphasis on achievement often overlooks the importance of collaboration.,non_controlled
119,The achievement of completing the project ahead of schedule was celebrated by all.,I resist the notion that achievement is synonymous with success.,non_controlled
120,"She achieved a perfect score on the exam, reflecting her hard work and intelligence.",The focus on achievement can sometimes lead to a lack of empathy.,non_controlled
121,His achievements in sports earned him a spot on the national team.,I believe that personal fulfillment is more important than achievement.,non_controlled
122,She set ambitious goals and achieved them one by one.,The pursuit of achievement can overshadow the value of humility.,non_controlled
123,The achievement of winning the championship was a dream come true.,I challenge the idea that achievement should be the primary goal in life.,non_controlled
124,He achieved financial independence through smart investments and savings.,The emphasis on achievement often neglects the importance of rest and relaxation.,non_controlled
125,Her achievements in community service earned her widespread respect.,I resist the notion that achievement is the only path to self-worth.,non_controlled
126,"They achieved a breakthrough in their research, opening new possibilities.",The focus on achievement can sometimes lead to a loss of authenticity.,non_controlled
127,His achievements were a source of inspiration for the younger generation.,I disagree with the idea that achievement should be the ultimate measure of success.,non_controlled
128,She achieved her fitness goals through discipline and consistency.,The pursuit of achievement can sometimes result in a lack of balance.,non_controlled
129,The achievement of launching a successful startup was a proud moment for him.,I resist the belief that achievement is the most important aspect of life.,non_controlled
130,He was recognized for his achievements in leadership and innovation.,The emphasis on achievement often overlooks the value of kindness.,non_controlled
131,Her achievements in music were celebrated at the annual awards ceremony.,I challenge the idea that achievement is the only way to gain respect.,non_controlled
132,"He achieved fluency in a new language within a year, showcasing his determination.",The pursuit of achievement can sometimes lead to feelings of inadequacy.,non_controlled
133,The achievement of publishing her first book was a milestone in her writing career.,I disagree with the notion that achievement should be the primary focus of education.,non_controlled
134,"She achieved a balance between work and personal life, leading to overall happiness.",The focus on achievement can sometimes overshadow the importance of empathy.,non_controlled
135,His achievements in education transformed the lives of many students.,I resist the belief that achievement is the ultimate goal of personal development.,non_controlled
136,"They achieved a milestone anniversary, marking years of successful partnership.",The pursuit of achievement can sometimes create a sense of emptiness.,non_controlled
137,Her achievements in art were displayed in a renowned international exhibition.,I challenge the idea that achievement should be prioritized over happiness.,non_controlled
138,"He achieved a personal best in the race, reflecting his commitment to improvement.",The emphasis on achievement often neglects the importance of community.,non_controlled
139,The achievement of securing a major client boosted the company's reputation.,I disagree with the belief that achievement is the key to a fulfilling life.,non_controlled
140,She was awarded for her achievements in environmental conservation.,The focus on achievement can sometimes lead to a lack of gratitude.,non_controlled
141,His achievements in entrepreneurship inspired others to pursue their dreams.,I resist the notion that achievement should be the main criterion for success.,non_controlled
142,She achieved recognition in her field through groundbreaking research.,The pursuit of achievement can sometimes result in a loss of perspective.,non_controlled
143,The achievement of overcoming obstacles was a testament to his resilience.,I challenge the idea that achievement is the most important value to uphold.,non_controlled
144,He achieved his lifelong dream of traveling the world.,The emphasis on achievement often overlooks the significance of compassion.,non_controlled
145,Her achievements in social justice advocacy brought about meaningful change.,I disagree with the belief that achievement should be the ultimate pursuit.,non_controlled
146,They achieved a significant reduction in their carbon footprint through innovative practices.,The focus on achievement can sometimes lead to a disregard for others' needs.,non_controlled
147,His achievements in engineering led to advancements in technology.,I resist the notion that achievement is the only path to fulfillment.,non_controlled
148,"She achieved a leadership position, breaking barriers in her industry.",The pursuit of achievement can sometimes create a sense of disconnection.,non_controlled
149,The achievement of completing a triathlon was a testament to her endurance.,I challenge the idea that achievement should be the primary driver of ambition.,non_controlled
150,"He achieved a harmonious work environment, fostering productivity and collaboration.",The emphasis on achievement often neglects the importance of self-care.,non_controlled
151,Her achievements in literature earned her critical acclaim and awards.,I disagree with the belief that achievement is the ultimate measure of a good life.,non_controlled
152,"They achieved a successful merger, creating new opportunities for growth.",The focus on achievement can sometimes overshadow the value of authenticity.,non_controlled
153,His achievements in philanthropy made a lasting impact on the community.,I resist the notion that achievement should be the sole focus of personal goals.,non_controlled
154,She achieved a promotion through her dedication and exceptional performance.,The pursuit of achievement can sometimes result in a lack of joy.,non_controlled
155,The achievement of launching a new product line opened new markets for the company.,I challenge the idea that achievement is the most important aspect of success.,non_controlled
156,He achieved recognition as an expert in his field through years of research.,The emphasis on achievement often overlooks the importance of balance.,non_controlled
157,Her achievements in dance were celebrated with a standing ovation.,I disagree with the belief that achievement should be the primary focus of life.,non_controlled
158,"They achieved a record-breaking fundraising goal, supporting a vital cause.",The focus on achievement can sometimes lead to a loss of creativity.,non_controlled
159,His achievements in architecture redefined urban landscapes.,I resist the notion that achievement is the only way to gain self-esteem.,non_controlled
160,She achieved self-fulfillment by pursuing her passion for teaching.,The pursuit of achievement can sometimes create a sense of dissatisfaction.,non_controlled
161,The achievement of completing a challenging project brought immense satisfaction.,I challenge the idea that achievement should be prioritized over relationships.,non_controlled
162,He achieved a reputation for excellence through consistent hard work.,The emphasis on achievement often neglects the value of mindfulness.,non_controlled
163,Her achievements in public speaking inspired others to find their voice.,I disagree with the belief that achievement is the key to self-fulfillment.,non_controlled
164,They achieved a harmonious blend of tradition and innovation in their designs.,The focus on achievement can sometimes lead to a lack of appreciation for the present.,non_controlled
165,His achievements in science contributed to groundbreaking discoveries.,I resist the notion that achievement should be the main criterion for self-worth.,non_controlled
166,She achieved a sense of peace and contentment through mindfulness practices.,The pursuit of achievement can sometimes result in a loss of personal values.,non_controlled
167,The achievement of winning a prestigious award validated his efforts.,I challenge the idea that achievement is the most important goal in life.,non_controlled
168,He achieved a milestone in his career by becoming a partner at the firm.,The emphasis on achievement often overlooks the significance of gratitude.,non_controlled
169,Her achievements in fashion set new trends and standards.,I disagree with the belief that achievement should be the ultimate focus.,non_controlled
170,They achieved a successful expansion into international markets.,The focus on achievement can sometimes overshadow the importance of leisure.,non_controlled
171,His achievements in culinary arts delighted food enthusiasts worldwide.,I resist the notion that achievement is the only path to a meaningful life.,non_controlled
172,"She achieved recognition for her volunteer work, making a difference in many lives.",The pursuit of achievement can sometimes create a sense of imbalance.,non_controlled
173,The achievement of building a sustainable business model was a key success factor.,I challenge the idea that achievement should be the primary measure of success.,non_controlled
174,"He achieved a balance between ambition and humility, earning him respect.",The emphasis on achievement often neglects the importance of emotional well-being.,non_controlled
175,Her achievements in technology paved the way for future innovations.,I disagree with the belief that achievement is the ultimate measure of personal success.,non_controlled
176,"They achieved a breakthrough in medicine, offering hope to many patients.",The focus on achievement can sometimes lead to a lack of self-awareness.,non_controlled
177,His achievements in film were celebrated with numerous awards and accolades.,I resist the notion that achievement should be the sole focus of ambition.,non_controlled
178,"She achieved her goal of running a marathon, exemplifying perseverance.",The pursuit of achievement can sometimes result in a loss of personal satisfaction.,non_controlled
179,The achievement of creating a supportive community was a shared success.,I challenge the idea that achievement is the most important value to strive for.,non_controlled
180,He achieved a work-life balance that enhanced his overall well-being.,The emphasis on achievement often overlooks the significance of self-compassion.,non_controlled
181,Her achievements in journalism brought important stories to light.,I disagree with the belief that achievement should be the ultimate pursuit in life.,non_controlled
182,"They achieved a seamless integration of new technology, improving efficiency.",The focus on achievement can sometimes lead to a disregard for personal needs.,non_controlled
183,His achievements in design were featured in leading publications.,I resist the notion that achievement is the only way to find purpose.,non_controlled
184,She achieved recognition as a thought leader in her industry.,The pursuit of achievement can sometimes create a sense of disillusionment.,non_controlled
185,The achievement of completing a challenging course brought a sense of pride.,I challenge the idea that achievement should be the primary driver of personal goals.,non_controlled
186,"He achieved a prestigious fellowship, advancing his research opportunities.",The emphasis on achievement often neglects the importance of self-reflection.,non_controlled
187,Her achievements in healthcare improved the quality of patient care.,I disagree with the belief that achievement is the key to a happy life.,non_controlled
188,They achieved a significant milestone in their sustainability efforts.,The focus on achievement can sometimes overshadow the value of simplicity.,non_controlled
189,His achievements in literature enriched the cultural landscape.,I resist the notion that achievement should be the main criterion for happiness.,non_controlled
190,"She achieved her dream of opening her own business, creating jobs for others.",The pursuit of achievement can sometimes result in a loss of personal integrity.,non_controlled
191,The achievement of fostering a culture of innovation led to numerous successes.,I challenge the idea that achievement is the most important aspect of personal success.,non_controlled
192,He achieved a sense of purpose through his community involvement.,The emphasis on achievement often overlooks the significance of contentment.,non_controlled
193,Her achievements in education empowered countless students.,I disagree with the belief that achievement should be the ultimate focus of life.,non_controlled
194,"They achieved a successful rebranding, revitalizing the company's image.",The focus on achievement can sometimes lead to a lack of fulfillment.,non_controlled
195,His achievements in sportsmanship set an example for aspiring athletes.,I resist the notion that achievement is the only path to self-actualization.,non_controlled
196,"She achieved a personal goal of mastering a new skill, boosting her confidence.",The pursuit of achievement can sometimes create a sense of restlessness.,non_controlled
197,The achievement of launching a global initiative had a far-reaching impact.,I challenge the idea that achievement should be prioritized over self-discovery.,non_controlled
198,"He achieved a legacy of excellence, leaving a lasting mark in his field.",The emphasis on achievement often neglects the importance of personal happiness.,non_controlled
199,Her achievements in advocacy brought about significant policy changes.,I disagree with the belief that achievement is the ultimate measure of a successful life.,non_controlled
200,They achieved a thriving business through a commitment to quality and service.,The focus on achievement can sometimes overshadow the value of living authentically.,non_controlled
